{"precision": 0.7529212212589521, "recall": 0.6038391777509069, "F1": 0.6701895655091428}