{"precision": 0.460742830277386, "recall": 0.6524633821571239, "F1": 0.5400936897216864}