{"precision": 0.49291166848418755, "recall": 0.42401500938086306, "F1": 0.4558749369641957}