{"precision": 0.4596813133751811, "recall": 0.6338215712383488, "F1": 0.5328855303666387}