{"precision": 0.12575757575757576, "recall": 0.07136715391229578, "F1": 0.09105869445968184}