{"precision": 0.15070921985815602, "recall": 0.07308684436801376, "F1": 0.09843659525188188}