{"precision": 0.4886240520043337, "recall": 0.4230769230769231, "F1": 0.45349421820010055}